Date,Zip Code,Model Year,Fuel,Make,Light_Duty,Vehicles,meanprice
10/1/2018,90000,2006,Gasoline,OTHER/UNK,,1.0,40726.47
10/1/2018,,2014,Gasoline,,Yes,1.0,14600.61
,90000,,Gasoline,OTHER/UNK,Yes,,10665.31
10/1/2018,90000,2017,Gasoline,OTHER/UNK,Yes,1.0,31920.35
10/1/2018,90000,<2006,Diesel and Diesel Hybrid,OTHER/UNK,No,55.0,27268.07
10/1/2018,90000,<2006,Diesel and Diesel Hybrid,OTHER/UNK,Yes,2.0,35538.39
10/1/2018,90000,<2006,Diesel and Diesel Hybrid,WHITE,No,19.0,14666.66
10/1/2018,90000,<2006,Battery Electric,OTHER/UNK,No,4.0,29493.14
10/1/2018,90000,<2006,Gasoline,Type_A,Yes,33.0,37629.03
10/2/2018,90000,<2006,Gasoline,Type_B,Yes,11.0,40032.14
10/3/2018,90000,<2006,Gasoline,Type_C,Yes,28.0,37534.96
10/4/2018,90000,<2006,Gasoline,Type_D,Yes,19.0,15461.35
10/5/2018,90000,<2006,Gasoline,OTHER/UNK,No,55.0,21386.62
10/6/2018,90000,<2006,Gasoline,OTHER/UNK,Yes,35.0,22041.62
10/7/2018,90000,<2006,Gasoline,Type_E,Yes,59.0,44676.84
10/8/2018,90000,<2006,Other,OTHER/UNK,Yes,6.0,32088.1
10/9/2018,90001,2006,Diesel and Diesel Hybrid,Type_C,No,16.0,46228.11
10/10/2018,90001,2006,Diesel and Diesel Hybrid,OTHER/UNK,No,23.0,35631.18
10/11/2018,90001,2006,Diesel and Diesel Hybrid,OTHER/UNK,Yes,9.0,34025.43
10/12/2018,,2006,,,Yes,,29198.61
10/13/2018,90001,2007,Diesel and Diesel Hybrid,OTHER/UNK,Yes,10.0,15944.0
10/14/2018,90001,2007,Flex-Fuel,Type_A,Yes,78.0,30277.1
10/15/2018,90001,2007,Flex-Fuel,OTHER/UNK,Yes,17.0,48380.5
10/16/2018,90001,2007,Gasoline,Type_F,Yes,16.0,32789.41
10/17/2018,90001,2007,Gasoline,Type_G,Yes,40.0,37205.52
10/18/2018,90001,2007,Gasoline,Type_H,Yes,35.0,35067.7
10/19/2018,90001,2007,Gasoline,Type_A,Yes,183.0,32479.2
10/20/2018,90001,2007,Gasoline,Type_I,Yes,63.0,18136.13
10/21/2018,90001,2007,Gasoline,Type_B,Yes,87.0,11252.21
10/22/2018,90001,2007,Gasoline,Type_C,Yes,101.0,29975.75
10/23/2018,90001,2007,Gasoline,Type_D,Yes,47.0,18794.59
10/24/2018,90001,2007,Gasoline,Type_J,Yes,182.0,12371.8
10/25/2018,90001,2007,Gasoline,Type_J,Yes,21.0,13962.03
10/26/2018,90001,2007,Gasoline,Type_Y,Yes,34.0,41873.76
10/27/2018,90001,2007,Gasoline,Type_K,Yes,30.0,42879.57
10/28/2018,90001,2007,Gasoline,Type_L,Yes,16.0,13362.48
10/29/2018,90001,2007,Gasoline,Type_S,Yes,39.0,47148.63
10/30/2018,90001,2007,Gasoline,Type_GG,Yes,14.0,17744.74
10/31/2018,90001,2007,Gasoline,Type_T,Yes,12.0,19456.25
11/1/2018,90001,2007,Gasoline,Type_M,Yes,15.0,22863.49
11/2/2018,90001,2007,Gasoline,Type_N,Yes,182.0,46794.72
,90001,,Gasoline,Type_N,,,36620.96
10/2/2018,90001,2008,Diesel and Diesel Hybrid,OTHER/UNK,No,56.0,45145.98
10/3/2018,90001,2008,Diesel and Diesel Hybrid,OTHER/UNK,Yes,8.0,14307.24
10/4/2018,90001,2008,Battery Electric,OTHER/UNK,Yes,1.0,12293.62
10/5/2018,90001,2008,Flex-Fuel,Type_A,Yes,30.0,20240.5
10/6/2018,90001,2008,Flex-Fuel,OTHER/UNK,Yes,18.0,13874.93
10/7/2018,90001,2008,Gasoline,Type_F,Yes,13.0,47718.0
10/8/2018,90001,2008,Gasoline,Type_G,Yes,40.0,47843.36
10/9/2018,90001,2008,Gasoline,Type_H,Yes,25.0,10601.96
10/10/2018,90001,2008,Gasoline,Type_A,Yes,102.0,26209.26
10/11/2018,90001,2008,Gasoline,Type_I,Yes,35.0,21623.38
10/12/2018,90001,2008,Gasoline,Type_B,Yes,69.0,44612.1
10/13/2018,90001,2008,Gasoline,Type_C,Yes,76.0,11253.81
10/14/2018,90001,2008,Gasoline,Type_D,Yes,24.0,20989.52
10/15/2018,90001,2008,Gasoline,Type_J,Yes,160.0,47947.9
10/16/2018,90001,2008,Gasoline,Type_J,Yes,21.0,13233.48
10/17/2018,90001,2008,Gasoline,Type_Y,Yes,35.0,45014.36
10/18/2018,9001,2008,,,,26.0,23254.24
10/19/2018,90001,2009,Gasoline,OTHER/UNK,No,2.0,18210.77
10/20/2018,90001,2009,Gasoline,OTHER/UNK,Yes,55.0,19818.34
10/21/2018,90001,2009,Gasoline,Type_X,Yes,22.0,47245.3
10/22/2018,90001,2009,Gasoline,Type_Q,Yes,163.0,39502.33
10/23/2018,90001,2009,Gasoline,Type_R,Yes,11.0,38202.88
10/24/2018,90001,2009,Hybrid Gasoline,OTHER/UNK,Yes,18.0,49819.27
10/25/2018,90001,2009,Natural Gas,OTHER/UNK,No,2.0,48707.52
10/26/2018,90001,2010,Diesel and Diesel Hybrid,OTHER/UNK,No,27.0,42932.32
10/27/2018,90001,2010,Diesel and Diesel Hybrid,OTHER/UNK,Yes,2.0,33433.41
10/28/2018,90001,2010,Flex-Fuel,Type_A,Yes,30.0,29840.17
10/29/2018,90001,2010,Flex-Fuel,Type_C,Yes,14.0,37745.1
10/30/2018,90001,2010,Flex-Fuel,OTHER/UNK,Yes,15.0,27011.93
10/31/2018,90001,2010,Gasoline,Type_A,Yes,36.0,39493.75
11/1/2018,90001,2010,Gasoline,Type_I,Yes,16.0,47490.22
11/2/2018,90001,2010,Gasoline,Type_B,Yes,52.0,35123.02
10/2/2018,90001,2010,Gasoline,Type_C,Yes,52.0,20802.34
10/3/2018,90001,2010,Gasoline,Type_J,Yes,101.0,13683.42
10/4/2018,90001,2010,Gasoline,Type_J,Yes,20.0,27055.29
10/5/2018,90001,2010,Gasoline,Type_K,Yes,14.0,21502.9
10/6/2018,90001,2010,Gasoline,Type_L,Yes,19.0,34373.74
10/7/2018,90001,2010,Gasoline,Type_S,Yes,14.0,45335.22
10/8/2018,90001,2010,Gasoline,Type_T,Yes,13.0,32124.65
10/9/2018,90001,2010,Gasoline,Type_M,Yes,20.0,27075.56
10/10/2018,90001,2010,Gasoline,Type_N,Yes,93.0,47140.59
10/11/2018,90001,2010,Gasoline,OTHER/UNK,Yes,55.0,17258.02
10/12/2018,90001,2010,Gasoline,Type_X,Yes,21.0,33031.92
10/13/2018,90001,2010,Gasoline,Type_Q,Yes,149.0,33830.78
10/14/2018,90001,2010,Gasoline,Type_R,Yes,14.0,28130.24
10/15/2018,90001,2010,Hybrid Gasoline,OTHER/UNK,Yes,13.0,48441.9
10/16/2018,90001,2010,Hybrid Gasoline,Type_Q,Yes,23.0,34174.21
10/17/2018,90001,2011,Diesel and Diesel Hybrid,Type_MM,No,13.0,26262.08
10/18/2018,90001,2011,Diesel and Diesel Hybrid,Type_NN,No,12.0,44613.51
10/19/2018,90001,2011,Diesel and Diesel Hybrid,OTHER/UNK,No,22.0,36236.05
10/20/2018,90001,2011,Diesel and Diesel Hybrid,OTHER/UNK,Yes,3.0,31577.95
10/21/2018,90001,2011,Flex-Fuel,Type_A,Yes,49.0,20102.73
10/22/2018,90001,2011,Flex-Fuel,Type_C,Yes,19.0,30381.12
10/23/2018,90001,2011,Flex-Fuel,OTHER/UNK,No,4.0,21233.02
10/24/2018,90001,2011,Flex-Fuel,OTHER/UNK,Yes,20.0,42152.65
10/25/2018,90001,2011,Gasoline,Type_G,Yes,36.0,47256.58
10/26/2018,90001,2011,Gasoline,Type_A,Yes,53.0,10034.21
10/27/2018,90001,2011,Gasoline,Type_B,Yes,17.0,26242.08
10/28/2018,90001,2011,Gasoline,Type_C,Yes,55.0,24265.84
10/29/2018,90001,2011,Gasoline,Type_J,Yes,76.0,26011.41
10/30/2018,90001,2011,Gasoline,Type_J,Yes,17.0,35899.26
10/31/2018,90001,2011,Gasoline,Type_K,Yes,18.0,20500.28
11/1/2018,90001,2011,Gasoline,Type_L,Yes,34.0,28468.95
11/2/2018,90001,2011,Gasoline,Type_M,Yes,16.0,29760.59
10/2/2018,90001,2011,Gasoline,Type_N,Yes,119.0,26114.38
10/3/2018,90001,2011,Gasoline,OTHER/UNK,Yes,80.0,17465.69
10/4/2018,90001,2011,Gasoline,Type_X,Yes,13.0,18244.92
10/5/2018,90001,2011,Gasoline,Type_Q,Yes,192.0,37851.37
10/6/2018,90001,2011,Gasoline,Type_R,Yes,13.0,23444.03
10/7/2018,90001,2011,Hybrid Gasoline,OTHER/UNK,Yes,7.0,25986.07
10/8/2018,90001,2011,Hybrid Gasoline,Type_Q,Yes,15.0,14734.08
10/9/2018,90001,2012,Diesel and Diesel Hybrid,Type_MM,No,23.0,33696.44
10/10/2018,90001,2012,Diesel and Diesel Hybrid,OTHER/UNK,No,32.0,29981.39
10/11/2018,90001,2012,Diesel and Diesel Hybrid,OTHER/UNK,Yes,4.0,11898.08
10/12/2018,90001,2012,Flex-Fuel,Type_A,Yes,17.0,34724.98
10/13/2018,90001,2012,Flex-Fuel,OTHER/UNK,No,1.0,25685.47
10/14/2018,90001,2012,Flex-Fuel,OTHER/UNK,Yes,34.0,19241.26
10/15/2018,90001,2012,Gasoline,Type_G,Yes,16.0,47698.39
10/16/2018,90001,2012,Gasoline,Type_A,Yes,62.0,35042.38
10/17/2018,90001,2012,Gasoline,Type_I,Yes,19.0,35509.05
10/18/2018,90001,2012,Gasoline,Type_B,Yes,23.0,49064.21
10/19/2018,90001,2012,Gasoline,Type_C,Yes,43.0,37035.76
10/20/2018,90001,2012,Gasoline,Type_J,Yes,158.0,37012.99
10/21/2018,90001,2012,Gasoline,Type_J,Yes,23.0,46061.04
10/22/2018,90001,2012,Gasoline,Type_K,Yes,25.0,23228.65
10/23/2018,90001,2012,Gasoline,Type_L,Yes,49.0,10718.83
10/24/2018,90001,2012,Gasoline,Type_M,Yes,14.0,31069.12
10/25/2018,90001,2012,Gasoline,Type_N,Yes,168.0,48784.93
10/26/2018,90001,2012,Gasoline,OTHER/UNK,No,1.0,13139.97
10/27/2018,90001,2012,Gasoline,OTHER/UNK,Yes,72.0,41227.05
10/28/2018,90001,2012,Gasoline,Type_X,Yes,26.0,21715.2
10/29/2018,90001,2012,Gasoline,Type_Q,Yes,159.0,47494.69
10/30/2018,90001,2012,Gasoline,Type_R,Yes,18.0,45438.68
10/31/2018,90001,2012,Hybrid Gasoline,OTHER/UNK,Yes,6.0,39261.99
11/1/2018,90001,2012,Hybrid Gasoline,Type_Q,Yes,16.0,33327.52
11/2/2018,90001,2012,Plug-in Hybrid,OTHER/UNK,Yes,1.0,45760.02
10/2/2018,90001,2013,Diesel and Diesel Hybrid,OTHER/UNK,No,27.0,27657.39
10/3/2018,90001,2013,Diesel and Diesel Hybrid,OTHER/UNK,Yes,5.0,30058.57
10/4/2018,90001,2013,Battery Electric,OTHER/UNK,Yes,1.0,31402.97
10/5/2018,90001,2013,Flex-Fuel,Type_A,Yes,28.0,44846.24
10/6/2018,90001,2013,Flex-Fuel,Type_C,Yes,28.0,11283.52
10/7/2018,90001,2013,Flex-Fuel,OTHER/UNK,Yes,25.0,32557.46
10/8/2018,90001,2013,Gasoline,Type_G,Yes,12.0,14445.18
10/9/2018,90001,2013,Gasoline,Type_A,Yes,88.0,30137.54
10/10/2018,90001,2013,Gasoline,Type_I,Yes,13.0,30780.28
10/11/2018,90001,2013,Gasoline,Type_B,Yes,59.0,20351.81
10/12/2018,90001,2013,Gasoline,Type_C,Yes,68.0,34435.57
10/13/2018,90001,2013,Gasoline,Type_J,Yes,138.0,33986.04
10/14/2018,90001,2013,Gasoline,Type_J,Yes,55.0,33702.26
10/15/2018,90001,2013,Gasoline,Type_Y,Yes,15.0,31548.04
10/16/2018,90001,2013,Gasoline,Type_K,Yes,11.0,31275.47
10/17/2018,90001,2013,Gasoline,Type_L,Yes,75.0,23358.8
10/18/2018,90001,2013,Gasoline,Type_M,Yes,22.0,26543.24
10/19/2018,90001,2013,Gasoline,Type_N,Yes,195.0,39098.49
10/20/2018,90001,2013,Gasoline,OTHER/UNK,No,1.0,27533.6
10/21/2018,90001,2013,Gasoline,OTHER/UNK,Yes,52.0,29018.51
10/22/2018,90001,2013,Gasoline,Type_O,Yes,12.0,33091.8
10/23/2018,90001,2013,Gasoline,Type_X,Yes,25.0,28335.49
10/24/2018,90001,2013,Gasoline,Type_Q,Yes,201.0,19578.51
10/25/2018,90001,2013,Gasoline,Type_R,Yes,31.0,27083.65
10/26/2018,90001,2013,Hybrid Gasoline,OTHER/UNK,Yes,9.0,23413.82
10/27/2018,90001,2013,Hybrid Gasoline,Type_Q,Yes,30.0,24009.97
10/28/2018,90001,2013,Plug-in Hybrid,OTHER/UNK,Yes,7.0,39994.56
10/29/2018,90001,2014,Diesel and Diesel Hybrid,Type_MM,No,12.0,27865.75
10/30/2018,90001,2014,Diesel and Diesel Hybrid,OTHER/UNK,No,13.0,46089.79
10/31/2018,90001,2014,Diesel and Diesel Hybrid,OTHER/UNK,Yes,7.0,16779.66
11/1/2018,90001,2014,Battery Electric,OTHER/UNK,Yes,1.0,13023.18
11/2/2018,90001,2014,Flex-Fuel,Type_A,Yes,41.0,25083.34
10/2/2018,90001,2014,Flex-Fuel,Type_C,Yes,15.0,35011.22
10/3/2018,90001,2014,Flex-Fuel,OTHER/UNK,No,2.0,32429.22
10/4/2018,90001,2014,Flex-Fuel,OTHER/UNK,Yes,16.0,13627.68
10/5/2018,90001,2014,Gasoline,Type_G,Yes,15.0,40997.31
10/6/2018,90001,2014,Gasoline,Type_H,Yes,11.0,17158.0
10/7/2018,90001,2014,Gasoline,Type_A,Yes,94.0,34509.6
10/8/2018,90001,2014,Gasoline,Type_B,Yes,48.0,16850.95
10/9/2018,90001,2014,Gasoline,Type_C,Yes,75.0,48937.6
10/10/2018,90001,2014,Gasoline,Type_D,Yes,22.0,24862.06
10/11/2018,90001,2014,Gasoline,Type_J,Yes,141.0,37196.26
10/12/2018,90001,2014,Gasoline,Type_J,Yes,14.0,26038.17
10/13/2018,90001,2014,Gasoline,Type_K,Yes,39.0,20611.97
10/14/2018,90001,2014,Gasoline,Type_L,Yes,74.0,31259.59
10/15/2018,90001,2014,Gasoline,Type_S,Yes,15.0,30793.33
10/16/2018,90001,2014,Gasoline,Type_T,Yes,14.0,43441.05
10/17/2018,90001,2014,Gasoline,Type_M,Yes,12.0,29601.64
10/18/2018,90001,2014,Gasoline,Type_N,Yes,269.0,33237.07
10/19/2018,90001,2014,Gasoline,OTHER/UNK,No,3.0,20795.13
10/20/2018,90001,2014,Gasoline,OTHER/UNK,Yes,46.0,39939.74
10/21/2018,90001,2014,Gasoline,Type_O,Yes,14.0,39090.28
10/22/2018,90001,2014,Gasoline,Type_X,Yes,14.0,38978.8
10/23/2018,90001,2014,Gasoline,Type_Q,Yes,213.0,29326.91
10/24/2018,90001,2014,Gasoline,Type_R,Yes,18.0,30848.94
10/25/2018,90001,2014,Hybrid Gasoline,OTHER/UNK,Yes,17.0,34920.84
10/26/2018,90001,2014,Plug-in Hybrid,OTHER/UNK,Yes,5.0,33416.42
10/27/2018,90001,2015,Diesel and Diesel Hybrid,OTHER/UNK,No,14.0,42533.64
10/28/2018,90001,2015,Diesel and Diesel Hybrid,OTHER/UNK,Yes,11.0,36946.42
10/29/2018,90001,2015,Flex-Fuel,Type_A,Yes,13.0,45376.33
10/30/2018,90001,2015,Flex-Fuel,Type_B,Yes,14.0,24060.8
10/31/2018,90001,2015,Flex-Fuel,Type_C,Yes,16.0,30881.56
11/1/2018,90001,2015,Flex-Fuel,OTHER/UNK,No,2.0,37826.86
11/2/2018,90001,2015,Flex-Fuel,OTHER/UNK,Yes,16.0,48081.51
12/2/2018,90001,2015,Gasoline,Type_G,Yes,19.0,43039.42
12/3/2018,90001,2015,Gasoline,Type_A,Yes,141.0,10598.85
12/4/2018,90001,2015,Gasoline,Type_I,Yes,26.0,40753.13
12/5/2018,90001,2015,Gasoline,Type_B,Yes,65.0,31326.64
12/6/2018,90001,2015,Gasoline,Type_C,Yes,50.0,21015.76
12/7/2018,90001,2015,Gasoline,Type_D,Yes,14.0,14933.49
12/8/2018,90001,2015,Gasoline,Type_J,Yes,208.0,48786.48
12/9/2018,90001,2015,Gasoline,Type_J,Yes,34.0,35292.5
12/10/2018,90001,2015,Gasoline,Type_Y,Yes,19.0,46415.92
12/11/2018,90001,2015,Gasoline,Type_K,Yes,51.0,48624.64
12/12/2018,90001,2015,Gasoline,Type_L,Yes,161.0,19858.41
12/13/2018,90001,2015,Gasoline,Type_M,Yes,14.0,47692.68
12/14/2018,90001,2015,Gasoline,Type_N,Yes,327.0,40549.85
12/15/2018,90001,2015,Gasoline,OTHER/UNK,No,2.0,12811.79
12/16/2018,90001,2015,Gasoline,OTHER/UNK,Yes,57.0,27770.2
12/17/2018,90001,2015,Gasoline,Type_O,Yes,15.0,16307.22
12/18/2018,90001,2015,Gasoline,Type_X,Yes,16.0,25574.53
12/19/2018,90001,2015,Gasoline,Type_Q,Yes,257.0,13381.89
12/20/2018,90001,2015,Gasoline,Type_R,Yes,17.0,47481.78
12/21/2018,90001,2015,Hybrid Gasoline,Type_L,Yes,14.0,45782.05
12/22/2018,90001,2015,Hybrid Gasoline,OTHER/UNK,Yes,7.0,46908.36
12/23/2018,90001,2015,Hybrid Gasoline,Type_Q,Yes,30.0,15591.67
12/24/2018,90001,2015,Plug-in Hybrid,OTHER/UNK,Yes,5.0,33665.39
12/25/2018,90001,2016,Diesel and Diesel Hybrid,OTHER/UNK,No,16.0,48668.51
12/26/2018,90001,2016,Diesel and Diesel Hybrid,OTHER/UNK,Yes,18.0,33048.41
12/27/2018,90001,2016,Battery Electric,OTHER/UNK,Yes,1.0,22520.01
12/28/2018,90001,2016,Flex-Fuel,Type_A,Yes,25.0,46206.81
12/29/2018,90001,2016,Flex-Fuel,Type_B,Yes,13.0,20746.59
12/30/2018,90001,2016,Flex-Fuel,Type_C,Yes,14.0,11456.99
12/31/2018,90001,2016,Flex-Fuel,OTHER/UNK,Yes,16.0,25141.25
1/1/2019,90001,2016,Gasoline,Type_G,Yes,18.0,37290.49
1/2/2019,90001,2016,Gasoline,Type_A,Yes,117.0,46941.74
1/3/2019,90001,2016,Gasoline,Type_I,Yes,17.0,12439.46
1/4/2019,90001,2016,Gasoline,Type_B,Yes,48.0,41322.85
1/5/2019,90001,2016,Gasoline,Type_C,Yes,67.0,13446.99
1/6/2019,90001,2016,Gasoline,Type_J,Yes,273.0,41145.65
1/7/2019,90001,2016,Gasoline,Type_J,Yes,36.0,20016.4
1/8/2019,90001,2016,Gasoline,Type_K,Yes,47.0,47548.22
1/9/2019,90001,2016,Gasoline,Type_L,Yes,236.0,35725.1
1/10/2019,90001,2016,Gasoline,Type_S,Yes,19.0,16213.35
1/11/2019,90001,2016,Gasoline,Type_T,Yes,17.0,23162.23
1/12/2019,90001,2016,Gasoline,Type_N,Yes,279.0,12831.27
1/13/2019,90001,2016,Gasoline,OTHER/UNK,No,3.0,48185.32
1/14/2019,90001,2016,Gasoline,OTHER/UNK,Yes,82.0,22580.84
1/15/2019,90001,2016,Gasoline,Type_O,Yes,13.0,18708.91
1/16/2019,90001,2016,Gasoline,Type_X,Yes,16.0,48746.99
1/17/2019,90001,2016,Gasoline,Type_P,Yes,11.0,41723.18
1/18/2019,90001,2016,Gasoline,Type_Q,Yes,228.0,43653.28
1/19/2019,90001,2016,Hybrid Gasoline,Type_L,Yes,13.0,14494.06
1/20/2019,90001,2016,Hybrid Gasoline,OTHER/UNK,Yes,5.0,42136.8
1/21/2019,90001,2016,Hybrid Gasoline,Type_Q,Yes,13.0,21072.16
1/22/2019,90001,2016,Plug-in Hybrid,OTHER/UNK,Yes,4.0,39363.85
1/23/2019,90001,2017,Diesel and Diesel Hybrid,OTHER/UNK,No,12.0,30450.47
1/24/2019,90001,2017,Diesel and Diesel Hybrid,OTHER/UNK,Yes,12.0,18533.54
1/25/2019,90001,2017,Battery Electric,OTHER/UNK,Yes,4.0,38140.41
1/26/2019,90001,2017,Flex-Fuel,Type_A,Yes,29.0,17696.4
1/27/2019,90001,2017,Flex-Fuel,OTHER/UNK,Yes,28.0,41262.62
1/28/2019,90001,2017,Gasoline,Type_G,Yes,12.0,49796.65
1/29/2019,90001,2017,Gasoline,Type_A,Yes,132.0,31101.45
1/30/2019,90001,2017,Gasoline,Type_B,Yes,42.0,41987.02
1/31/2019,90001,2017,Gasoline,Type_C,Yes,111.0,13910.48
2/1/2019,90001,2017,Gasoline,Type_D,Yes,13.0,45347.8
2/2/2019,90001,2017,Gasoline,Type_J,Yes,260.0,37330.18
2/3/2019,90001,2017,Gasoline,Type_J,Yes,47.0,28077.02
2/4/2019,90001,2017,Gasoline,Type_K,Yes,44.0,27467.02
2/5/2019,90001,2017,Gasoline,Type_L,Yes,124.0,45700.71
2/6/2019,90001,2017,Gasoline,Type_S,Yes,11.0,29691.6
2/7/2019,90001,2017,Gasoline,Type_T,Yes,11.0,24792.38
2/8/2019,90001,2017,Gasoline,Type_M,Yes,15.0,38261.16
2/9/2019,90001,2017,Gasoline,Type_N,Yes,262.0,48530.33
2/10/2019,90001,2017,Gasoline,OTHER/UNK,No,4.0,14840.83
2/11/2019,90001,2017,Gasoline,OTHER/UNK,Yes,46.0,18611.69
2/12/2019,90001,2017,Gasoline,Type_O,Yes,29.0,45318.21
2/13/2019,90001,2017,Gasoline,Type_P,Yes,11.0,49040.63
2/14/2019,90001,2017,Gasoline,Type_Q,Yes,290.0,16116.91
2/15/2019,90001,2017,Gasoline,Type_R,Yes,19.0,39411.86
2/16/2019,90001,2017,Hybrid Gasoline,Type_L,Yes,14.0,32217.9
2/17/2019,90001,2017,Hybrid Gasoline,OTHER/UNK,Yes,11.0,14211.59
2/18/2019,90001,2017,Hybrid Gasoline,Type_Q,Yes,16.0,16688.65
2/19/2019,90001,2017,Plug-in Hybrid,OTHER/UNK,Yes,14.0,20111.24
2/20/2019,90001,2018,Diesel and Diesel Hybrid,OTHER/UNK,No,5.0,27953.61
2/21/2019,90001,2018,Diesel and Diesel Hybrid,OTHER/UNK,Yes,7.0,21998.51
2/22/2019,90001,2018,Battery Electric,OTHER/UNK,Yes,1.0,37781.99
2/23/2019,90001,2018,Flex-Fuel,Type_C,Yes,13.0,44960.92
2/24/2019,90001,2018,Flex-Fuel,OTHER/UNK,No,1.0,48573.76
2/25/2019,90001,2018,Flex-Fuel,OTHER/UNK,Yes,15.0,35226.28
2/26/2019,90001,2018,Gasoline,Type_G,Yes,28.0,41983.09
2/27/2019,90001,2018,Gasoline,Type_A,Yes,117.0,38673.89
2/28/2019,90001,2018,Gasoline,Type_B,Yes,53.0,32783.84
3/1/2019,90001,2018,Gasoline,Type_C,Yes,32.0,23580.56
3/2/2019,90001,2018,Gasoline,Type_J,Yes,209.0,19575.29
3/3/2019,90001,2018,Gasoline,Type_J,Yes,25.0,49494.49
3/4/2019,90001,2018,Gasoline,Type_K,Yes,41.0,40650.16
3/5/2019,90001,2018,Gasoline,Type_L,Yes,115.0,39750.98
3/6/2019,90001,2018,Gasoline,Type_T,Yes,12.0,29755.1
3/7/2019,90001,2018,Gasoline,Type_II,Yes,15.0,30349.47
3/8/2019,90001,2018,Gasoline,Type_N,Yes,155.0,22991.89
12/2/2018,90001,2018,Gasoline,OTHER/UNK,No,1.0,41235.92
12/3/2018,90001,2018,Gasoline,OTHER/UNK,Yes,71.0,12906.32
12/4/2018,90001,2018,Gasoline,Type_P,Yes,13.0,26824.64
12/5/2018,90001,2018,Gasoline,Type_Q,Yes,241.0,12535.01
12/6/2018,90001,2018,Hybrid Gasoline,OTHER/UNK,Yes,19.0,37767.82
12/7/2018,90001,2018,Plug-in Hybrid,OTHER/UNK,Yes,8.0,34770.71
12/8/2018,90001,2019,Gasoline,Type_G,Yes,56.0,32458.31
12/9/2018,90001,2019,Gasoline,Type_L,Yes,14.0,26455.59
12/10/2018,90001,2019,Gasoline,Type_II,Yes,69.0,44042.88
12/11/2018,90001,2019,Gasoline,OTHER/UNK,Yes,19.0,24353.41
12/12/2018,90001,2019,Plug-in Hybrid,OTHER/UNK,Yes,2.0,10154.85
12/13/2018,90001,<2006,Diesel and Diesel Hybrid,Type_A,No,19.0,46450.17
12/14/2018,90001,<2006,Diesel and Diesel Hybrid,Type_A,Yes,13.0,36492.34
12/15/2018,90001,<2006,Diesel and Diesel Hybrid,Type_C,No,37.0,18704.97
12/16/2018,90001,<2006,Diesel and Diesel Hybrid,Type_C,Yes,46.0,35023.83
12/17/2018,90001,<2006,Diesel and Diesel Hybrid,Type_MM,No,41.0,42082.79
12/18/2018,90001,<2006,Diesel and Diesel Hybrid,Type_D,No,17.0,28302.72
12/19/2018,90001,<2006,Diesel and Diesel Hybrid,Type_NN,No,56.0,37547.0
12/20/2018,90001,<2006,Diesel and Diesel Hybrid,Type_DD,No,29.0,38044.15
12/21/2018,90001,<2006,Diesel and Diesel Hybrid,OTHER/UNK,No,55.0,49624.65
12/22/2018,90001,<2006,Diesel and Diesel Hybrid,OTHER/UNK,Yes,33.0,22962.85
12/23/2018,90001,<2006,Diesel and Diesel Hybrid,Type_OO,No,11.0,25533.57
12/24/2018,90001,<2006,Flex-Fuel,Type_A,Yes,102.0,32273.7
12/25/2018,90001,<2006,Flex-Fuel,Type_I,Yes,28.0,45918.06
12/26/2018,90001,<2006,Flex-Fuel,Type_B,Yes,98.0,27881.57
12/27/2018,90001,<2006,Flex-Fuel,Type_C,Yes,173.0,37181.55
12/28/2018,90001,<2006,Flex-Fuel,Type_D,Yes,28.0,44176.78
12/29/2018,90001,<2006,Flex-Fuel,Type_HH,Yes,13.0,13764.6
12/30/2018,90001,<2006,Flex-Fuel,OTHER/UNK,No,1.0,46270.14
12/31/2018,90001,<2006,Flex-Fuel,OTHER/UNK,Yes,13.0,44188.17
1/1/2019,90001,<2006,Gasoline,Type_F,Yes,241.0,33593.19
1/2/2019,90001,<2006,Gasoline,Type_Z,Yes,35.0,41802.92
1/3/2019,90001,<2006,Gasoline,Type_G,Yes,210.0,44249.54
1/4/2019,90001,<2006,Gasoline,Type_AA,Yes,108.0,23895.5
1/5/2019,90001,<2006,Gasoline,Type_H,Yes,208.0,22083.56
1/6/2019,90001,<2006,Gasoline,Type_A,No,52.0,10688.08
1/7/2019,90001,<2006,Gasoline,Type_A,Yes,2529.0,34472.37
1/8/2019,90001,<2006,Gasoline,Type_I,Yes,172.0,37063.89
1/9/2019,90001,<2006,Gasoline,Type_B,Yes,560.0,46102.79
1/10/2019,90001,<2006,Gasoline,Type_C,No,56.0,39289.76
1/11/2019,90001,<2006,Gasoline,Type_C,Yes,2331.0,47111.92
1/12/2019,90001,<2006,Gasoline,Type_BB,Yes,17.0,46775.1
1/13/2019,90001,<2006,Gasoline,Type_D,No,36.0,39398.78
1/14/2019,90001,<2006,Gasoline,Type_D,Yes,703.0,34120.42
1/15/2019,90001,<2006,Gasoline,Type_J,Yes,2042.0,39102.63
1/16/2019,90001,<2006,Gasoline,Type_CC,Yes,19.0,37047.64
1/17/2019,90001,<2006,Gasoline,Type_J,Yes,88.0,39390.42
1/18/2019,90001,<2006,Gasoline,Type_Y,Yes,197.0,12993.12
1/19/2019,90001,<2006,Gasoline,Type_DD,No,17.0,22544.29
1/20/2019,90001,<2006,Gasoline,Type_DD,Yes,43.0,42203.05
1/21/2019,90001,<2006,Gasoline,Type_EE,Yes,26.0,20466.63
1/22/2019,90001,<2006,Gasoline,Type_K,Yes,311.0,45980.81
1/23/2019,90001,<2006,Gasoline,Type_L,Yes,100.0,12112.63
1/24/2019,90001,<2006,Gasoline,Type_FF,Yes,11.0,32720.27
1/25/2019,90001,<2006,Gasoline,Type_S,Yes,209.0,34688.64
1/26/2019,90001,<2006,Gasoline,Type_GG,Yes,144.0,47224.86
1/27/2019,90001,<2006,Gasoline,Type_T,Yes,133.0,43247.75
1/28/2019,90001,<2006,Gasoline,Type_M,Yes,147.0,25996.64
1/29/2019,90001,<2006,Gasoline,Type_HH,Yes,89.0,18877.23
1/30/2019,90001,<2006,Gasoline,Type_II,Yes,22.0,41163.47
1/31/2019,90001,<2006,Gasoline,Type_U,Yes,163.0,26435.02
2/1/2019,90001,<2006,Gasoline,Type_N,Yes,1509.0,17822.69
2/2/2019,90001,<2006,Gasoline,Type_JJ,Yes,53.0,36852.34
2/3/2019,90001,<2006,Gasoline,OTHER/UNK,No,40.0,12907.96
2/4/2019,90001,<2006,Gasoline,OTHER/UNK,Yes,121.0,49604.3
2/5/2019,90001,<2006,Gasoline,Type_E,Yes,37.0,33278.67
2/6/2019,90001,<2006,Gasoline,Type_V,Yes,99.0,40824.09
2/7/2019,90001,<2006,Gasoline,Type_W,Yes,68.0,10304.75
2/8/2019,90001,<2006,Gasoline,Type_X,Yes,59.0,35035.7
2/9/2019,90001,<2006,Gasoline,Type_P,Yes,25.0,39925.48
2/10/2019,90001,<2006,Gasoline,Type_KK,Yes,34.0,44926.19
2/11/2019,90001,<2006,Gasoline,Type_Q,Yes,3178.0,44101.42
2/12/2019,90001,<2006,Gasoline,Type_R,Yes,176.0,23041.98
2/13/2019,90001,<2006,Gasoline,Type_LL,Yes,41.0,36018.14
2/14/2019,90001,<2006,Hybrid Gasoline,Type_J,Yes,22.0,43035.53
2/15/2019,90001,<2006,Hybrid Gasoline,OTHER/UNK,Yes,2.0,44708.76
2/16/2019,90001,<2006,Hybrid Gasoline,Type_Q,Yes,29.0,10598.77
2/17/2019,90001,<2006,Natural Gas,OTHER/UNK,No,1.0,40209.78
2/18/2019,90001,<2006,Natural Gas,OTHER/UNK,Yes,9.0,41796.71
2/19/2019,90001,<2006,Other,OTHER/UNK,Yes,9.0,24892.04
2/20/2019,90002,2006,Diesel and Diesel Hybrid,OTHER/UNK,No,12.0,30813.86
2/21/2019,90002,2006,Diesel and Diesel Hybrid,OTHER/UNK,Yes,8.0,17287.23
2/22/2019,90002,2006,Flex-Fuel,Type_A,Yes,35.0,32537.55
2/23/2019,90002,2006,Flex-Fuel,OTHER/UNK,Yes,25.0,39619.72
2/24/2019,90002,2006,Gasoline,Type_F,Yes,31.0,40340.8
2/25/2019,90002,2006,Gasoline,Type_G,Yes,38.0,31595.62
2/26/2019,90002,2006,Gasoline,Type_H,Yes,19.0,41628.28
2/27/2019,90002,2006,Gasoline,Type_A,Yes,138.0,43368.38
2/28/2019,90002,2006,Gasoline,Type_I,Yes,91.0,33565.19
3/1/2019,90002,2006,Gasoline,Type_B,Yes,96.0,37881.2
3/2/2019,90002,2006,Gasoline,Type_C,Yes,138.0,14050.05
3/3/2019,90002,2006,Gasoline,Type_D,Yes,25.0,16342.78
3/4/2019,90002,2006,Gasoline,Type_J,Yes,169.0,43238.76
3/5/2019,90002,2006,Gasoline,Type_J,Yes,17.0,17106.35
3/6/2019,90002,2006,Gasoline,Type_Y,Yes,39.0,24218.65
3/7/2019,90002,2006,Gasoline,Type_K,Yes,41.0,32058.21
3/8/2019,90002,2006,Gasoline,Type_L,Yes,33.0,33757.7
12/2/2018,90002,2006,Gasoline,Type_FF,Yes,11.0,48576.62
12/3/2018,90002,2006,Gasoline,Type_S,Yes,28.0,32679.42
12/4/2018,90002,2006,Gasoline,Type_M,Yes,23.0,16050.26
12/5/2018,90002,2006,Gasoline,Type_U,Yes,13.0,19788.1
12/6/2018,90002,2006,Gasoline,Type_N,Yes,208.0,41721.23
12/7/2018,90002,2006,Gasoline,OTHER/UNK,No,4.0,21319.09
12/8/2018,90002,2006,Gasoline,OTHER/UNK,Yes,82.0,20640.11
12/9/2018,90002,2006,Gasoline,Type_V,Yes,19.0,46651.93
12/10/2018,90002,2006,Gasoline,Type_X,Yes,68.0,22005.66
12/11/2018,90002,2006,Gasoline,Type_Q,Yes,251.0,12961.41
12/12/2018,90002,2006,Gasoline,Type_R,Yes,20.0,39606.27
12/13/2018,90002,2006,Hybrid Gasoline,Type_J,Yes,13.0,19789.05
12/14/2018,90002,2006,Hybrid Gasoline,OTHER/UNK,Yes,4.0,47747.87
12/15/2018,90002,2006,Hybrid Gasoline,Type_Q,Yes,14.0,43262.42
12/16/2018,90002,2007,Diesel and Diesel Hybrid,OTHER/UNK,No,15.0,12968.59
12/17/2018,90002,2007,Diesel and Diesel Hybrid,OTHER/UNK,Yes,4.0,14737.33
12/18/2018,90002,2007,Flex-Fuel,Type_A,Yes,61.0,16289.07
12/19/2018,90002,2007,Flex-Fuel,Type_D,Yes,13.0,47050.32
12/20/2018,90002,2007,Flex-Fuel,OTHER/UNK,Yes,15.0,17030.35
12/21/2018,90002,2007,Gasoline,Type_F,Yes,15.0,49305.37
12/22/2018,90002,2007,Gasoline,Type_G,Yes,40.0,36404.33
12/23/2018,90002,2007,Gasoline,Type_H,Yes,28.0,20074.5
12/24/2018,90002,2007,Gasoline,Type_A,Yes,148.0,34255.5
12/25/2018,90002,2007,Gasoline,Type_I,Yes,47.0,14512.52
12/26/2018,90002,2007,Gasoline,Type_B,Yes,71.0,47699.32
12/27/2018,90002,2007,Gasoline,Type_C,Yes,107.0,27482.64
12/28/2018,90002,2007,Gasoline,Type_D,Yes,29.0,23363.73
12/29/2018,90002,2007,Gasoline,Type_J,Yes,156.0,12850.77
12/30/2018,90002,2007,Gasoline,Type_J,Yes,22.0,26694.09
12/31/2018,90002,2007,Gasoline,Type_Y,Yes,33.0,31052.88
1/1/2019,90002,2007,Gasoline,Type_K,Yes,31.0,18571.77
1/2/2019,90002,2007,Gasoline,Type_L,Yes,22.0,46607.12
1/3/2019,90002,2007,Gasoline,Type_S,Yes,43.0,30239.17
1/4/2019,90002,2007,Gasoline,Type_T,Yes,19.0,13321.74
1/5/2019,90002,2007,Gasoline,Type_M,Yes,14.0,43794.73
1/6/2019,90002,2007,Gasoline,Type_U,Yes,14.0,25633.16
1/7/2019,90002,2007,Gasoline,Type_N,Yes,147.0,44135.98
1/8/2019,90002,2007,Gasoline,OTHER/UNK,No,6.0,39876.81
1/9/2019,90002,2007,Gasoline,OTHER/UNK,Yes,36.0,35097.76
1/10/2019,90002,2007,Gasoline,Type_V,Yes,18.0,49364.26
1/11/2019,90002,2007,Gasoline,Type_W,Yes,21.0,19588.57
1/12/2019,90002,2007,Gasoline,Type_X,Yes,34.0,20044.24
1/13/2019,90002,2007,Gasoline,Type_Q,Yes,284.0,26976.35
1/14/2019,90002,2007,Gasoline,Type_R,Yes,14.0,26460.15
1/15/2019,90002,2007,Hybrid Gasoline,OTHER/UNK,Yes,15.0,30585.57
1/16/2019,90002,2007,Hybrid Gasoline,Type_Q,Yes,34.0,14147.04
1/17/2019,90002,2008,Diesel and Diesel Hybrid,Type_MM,No,16.0,19489.27
1/18/2019,90002,2008,Diesel and Diesel Hybrid,OTHER/UNK,No,25.0,49954.08
1/19/2019,90002,2008,Diesel and Diesel Hybrid,OTHER/UNK,Yes,4.0,28692.84
1/20/2019,90002,2008,Flex-Fuel,Type_A,Yes,36.0,37827.04
1/21/2019,90002,2008,Flex-Fuel,OTHER/UNK,Yes,17.0,19509.39
1/22/2019,90002,2008,Gasoline,Type_G,Yes,38.0,18278.74
1/23/2019,90002,2008,Gasoline,Type_H,Yes,26.0,26882.33
1/24/2019,90002,2008,Gasoline,Type_A,Yes,97.0,25257.49
1/25/2019,90002,2008,Gasoline,Type_I,Yes,45.0,39290.55
1/26/2019,90002,2008,Gasoline,Type_B,Yes,64.0,48582.08
1/27/2019,90002,2008,Gasoline,Type_C,Yes,77.0,32603.15
1/28/2019,90002,2008,Gasoline,Type_D,Yes,16.0,25527.64
1/29/2019,90002,2008,Gasoline,Type_J,Yes,107.0,34828.06
1/30/2019,90002,2008,Gasoline,Type_J,Yes,12.0,48553.43
1/31/2019,90002,2008,Gasoline,Type_Y,Yes,34.0,15087.23
2/1/2019,90002,2008,Gasoline,Type_K,Yes,21.0,48516.85
2/2/2019,90002,2008,Gasoline,Type_L,Yes,17.0,25811.2
2/3/2019,90002,2008,Gasoline,Type_S,Yes,23.0,22002.31
2/4/2019,90002,2008,Gasoline,Type_M,Yes,18.0,28570.15
2/5/2019,90002,2008,Gasoline,Type_N,Yes,130.0,43156.32
2/6/2019,90002,2008,Gasoline,OTHER/UNK,No,1.0,34933.3
2/7/2019,90002,2008,Gasoline,OTHER/UNK,Yes,68.0,48348.16
2/8/2019,90002,2008,Gasoline,Type_W,Yes,16.0,16379.46
2/9/2019,90002,2008,Gasoline,Type_X,Yes,40.0,14208.33
2/10/2019,90002,2008,Gasoline,Type_Q,Yes,167.0,16853.09
2/11/2019,90002,2008,Gasoline,Type_R,Yes,14.0,12195.25
2/12/2019,90002,2008,Hybrid Gasoline,OTHER/UNK,Yes,16.0,14131.09
2/13/2019,90002,2008,Hybrid Gasoline,Type_Q,Yes,18.0,42223.7
2/14/2019,90002,2009,Diesel and Diesel Hybrid,Type_MM,No,15.0,17834.8
2/15/2019,90002,2009,Diesel and Diesel Hybrid,OTHER/UNK,No,18.0,34812.68
2/16/2019,90002,2009,Diesel and Diesel Hybrid,OTHER/UNK,Yes,1.0,36522.91
2/17/2019,90002,2009,Flex-Fuel,Type_A,Yes,21.0,14351.69
2/18/2019,90002,2009,Flex-Fuel,OTHER/UNK,Yes,13.0,43280.46
2/19/2019,90002,2009,Gasoline,Type_A,Yes,42.0,45169.21
2/20/2019,90002,2009,Gasoline,Type_B,Yes,18.0,11339.13
2/21/2019,90002,2009,Gasoline,Type_C,Yes,25.0,15491.61
2/22/2019,90002,2009,Gasoline,Type_J,Yes,72.0,27444.44
2/23/2019,90002,2009,Gasoline,Type_Y,Yes,13.0,31702.17
2/24/2019,90002,2009,Gasoline,Type_L,Yes,30.0,41420.16
2/25/2019,90002,2009,Gasoline,Type_N,Yes,109.0,34708.82
2/26/2019,90002,2009,Gasoline,OTHER/UNK,Yes,112.0,20293.71
2/27/2019,90002,2009,Gasoline,Type_X,Yes,25.0,34948.86
2/28/2019,90002,2009,Gasoline,Type_Q,Yes,158.0,10864.56
3/1/2019,90002,2009,Gasoline,Type_R,Yes,23.0,31364.7
3/2/2019,90002,2009,Hybrid Gasoline,OTHER/UNK,Yes,15.0,40259.17
3/3/2019,90002,2009,Natural Gas,OTHER/UNK,No,1.0,17252.95
3/4/2019,90002,2010,Diesel and Diesel Hybrid,Type_MM,No,20.0,25054.29
3/5/2019,90002,2010,Diesel and Diesel Hybrid,OTHER/UNK,No,16.0,31325.93
3/6/2019,90002,2010,Diesel and Diesel Hybrid,OTHER/UNK,Yes,2.0,41207.39
3/7/2019,90002,2010,Flex-Fuel,Type_A,Yes,39.0,48463.82
3/8/2019,90002,2010,Flex-Fuel,OTHER/UNK,Yes,20.0,16490.1
12/2/2018,90002,2010,Gasoline,Type_A,Yes,36.0,28077.18
12/3/2018,90002,2010,Gasoline,Type_I,Yes,11.0,20519.1
12/4/2018,90002,2010,Gasoline,Type_B,Yes,58.0,12901.47
12/5/2018,90002,2010,Gasoline,Type_C,Yes,45.0,15264.46
12/6/2018,90002,2010,Gasoline,Type_J,Yes,82.0,30368.12
12/7/2018,90002,2010,Gasoline,Type_J,Yes,12.0,39578.07
12/8/2018,90002,2010,Gasoline,Type_L,Yes,22.0,41764.16
12/9/2018,90002,2010,Gasoline,Type_T,Yes,11.0,22822.3
12/10/2018,90002,2010,Gasoline,Type_N,Yes,83.0,31622.47
12/11/2018,90002,2010,Gasoline,OTHER/UNK,Yes,72.0,29638.73
12/12/2018,90002,2010,Gasoline,Type_X,Yes,11.0,21333.59
12/13/2018,90002,2010,Gasoline,Type_Q,Yes,133.0,22921.59
12/14/2018,90002,2010,Gasoline,Type_R,Yes,16.0,47225.94
12/15/2018,90002,2010,Hybrid Gasoline,OTHER/UNK,Yes,11.0,47076.01
12/16/2018,90002,2010,Hybrid Gasoline,Type_Q,Yes,12.0,12428.79
12/17/2018,90002,2011,Diesel and Diesel Hybrid,Type_MM,No,12.0,46236.92
12/18/2018,90002,2011,Diesel and Diesel Hybrid,OTHER/UNK,No,10.0,34596.74
12/19/2018,90002,2011,Diesel and Diesel Hybrid,OTHER/UNK,Yes,3.0,11955.82
12/20/2018,90002,2011,Battery Electric,OTHER/UNK,Yes,1.0,16869.98
12/21/2018,90002,2011,Flex-Fuel,Type_A,Yes,37.0,49592.2
12/22/2018,90002,2011,Flex-Fuel,Type_C,Yes,18.0,41576.91
12/23/2018,90002,2011,Flex-Fuel,OTHER/UNK,No,1.0,25165.09
12/24/2018,90002,2011,Flex-Fuel,OTHER/UNK,Yes,17.0,39643.05
12/25/2018,90002,2011,Gasoline,Type_G,Yes,26.0,42078.86
12/26/2018,90002,2011,Gasoline,Type_A,Yes,53.0,34259.35
12/27/2018,90002,2011,Gasoline,Type_B,Yes,29.0,40703.54
12/28/2018,90002,2011,Gasoline,Type_C,Yes,35.0,47556.86
12/29/2018,90002,2011,Gasoline,Type_J,Yes,76.0,36851.27
12/30/2018,90002,2011,Gasoline,Type_J,Yes,29.0,46619.24
12/31/2018,90002,2011,Gasoline,Type_Y,Yes,18.0,23225.43
1/1/2019,90002,2011,Gasoline,Type_K,Yes,12.0,11643.52
1/2/2019,90002,2011,Gasoline,Type_L,Yes,32.0,13220.78
1/3/2019,90002,2011,Gasoline,Type_M,Yes,14.0,28032.07
1/4/2019,90002,2011,Gasoline,Type_N,Yes,109.0,25095.8
1/5/2019,90002,2011,Gasoline,OTHER/UNK,Yes,69.0,20549.23
1/6/2019,90002,2011,Gasoline,Type_X,Yes,17.0,35724.51
1/7/2019,90002,2011,Gasoline,Type_Q,Yes,165.0,14217.29
1/8/2019,90002,2011,Gasoline,Type_R,Yes,16.0,33060.79
1/9/2019,90002,2011,Hybrid Gasoline,OTHER/UNK,Yes,5.0,12864.36
1/10/2019,90002,2011,Hybrid Gasoline,Type_Q,Yes,13.0,25288.58
1/11/2019,90002,2011,Natural Gas,OTHER/UNK,No,1.0,45151.7
1/12/2019,90002,2011,Plug-in Hybrid,OTHER/UNK,Yes,1.0,37731.2
1/13/2019,90002,2012,Diesel and Diesel Hybrid,Type_MM,No,19.0,18346.04
1/14/2019,90002,2012,Diesel and Diesel Hybrid,OTHER/UNK,No,14.0,38143.83
1/15/2019,90002,2012,Diesel and Diesel Hybrid,OTHER/UNK,Yes,4.0,33640.46
1/16/2019,90002,2012,Battery Electric,OTHER/UNK,Yes,1.0,12242.67
1/17/2019,90002,2012,Flex-Fuel,Type_A,Yes,30.0,17445.02
1/18/2019,90002,2012,Flex-Fuel,Type_B,Yes,11.0,29879.35
1/19/2019,90002,2012,Flex-Fuel,OTHER/UNK,Yes,25.0,17783.75
1/20/2019,90002,2012,Gasoline,Type_G,Yes,13.0,16915.7
1/21/2019,90002,2012,Gasoline,Type_A,Yes,77.0,39286.15
1/22/2019,90002,2012,Gasoline,Type_I,Yes,16.0,41953.06
1/23/2019,90002,2012,Gasoline,Type_B,Yes,25.0,46459.45
1/24/2019,90002,2012,Gasoline,Type_C,Yes,40.0,44473.26
1/25/2019,90002,2012,Gasoline,Type_J,Yes,123.0,16140.76
1/26/2019,90002,2012,Gasoline,Type_J,Yes,24.0,35086.12
1/27/2019,90002,2012,Gasoline,Type_Y,Yes,13.0,21530.24
1/28/2019,90002,2012,Gasoline,Type_K,Yes,20.0,40499.26
1/29/2019,90002,2012,Gasoline,Type_L,Yes,50.0,34369.13
1/30/2019,90002,2012,Gasoline,Type_M,Yes,12.0,21603.66
1/31/2019,90002,2012,Gasoline,Type_N,Yes,173.0,35920.06
2/1/2019,90002,2012,Gasoline,OTHER/UNK,Yes,56.0,31217.68
2/2/2019,90002,2012,Gasoline,Type_X,Yes,21.0,19110.05
2/3/2019,90002,2012,Gasoline,Type_Q,Yes,167.0,31246.21
2/4/2019,90002,2012,Gasoline,Type_R,Yes,27.0,41679.2
2/5/2019,90002,2012,Hybrid Gasoline,OTHER/UNK,Yes,10.0,45461.45
2/6/2019,90002,2012,Hybrid Gasoline,Type_Q,Yes,12.0,21508.31
2/7/2019,90002,2012,Plug-in Hybrid,OTHER/UNK,Yes,3.0,20686.16
2/8/2019,90002,2013,Diesel and Diesel Hybrid,Type_MM,No,15.0,10090.74
2/9/2019,90002,2013,Diesel and Diesel Hybrid,OTHER/UNK,No,11.0,19720.69
2/10/2019,90002,2013,Diesel and Diesel Hybrid,OTHER/UNK,Yes,1.0,16783.45
2/11/2019,90002,2013,Battery Electric,OTHER/UNK,Yes,3.0,48159.65
2/12/2019,90002,2013,Flex-Fuel,Type_A,Yes,48.0,45000.04
2/13/2019,90002,2013,Flex-Fuel,Type_C,Yes,18.0,28395.94
2/14/2019,90002,2013,Flex-Fuel,OTHER/UNK,Yes,17.0,11349.43
2/15/2019,90002,2013,Gasoline,Type_G,Yes,17.0,20540.92
2/16/2019,90002,2013,Gasoline,Type_A,Yes,88.0,44917.94
2/17/2019,90002,2013,Gasoline,Type_I,Yes,13.0,48365.38
2/18/2019,90002,2013,Gasoline,Type_B,Yes,43.0,48718.74
2/19/2019,90002,2013,Gasoline,Type_C,Yes,63.0,14702.41
2/20/2019,90002,2013,Gasoline,Type_J,Yes,119.0,43895.66
2/21/2019,90002,2013,Gasoline,Type_J,Yes,47.0,36623.13
2/22/2019,90002,2013,Gasoline,Type_Y,Yes,20.0,16607.73
2/23/2019,90002,2013,Gasoline,Type_L,Yes,90.0,31467.85
2/24/2019,90002,2013,Gasoline,Type_M,Yes,12.0,25954.36
2/25/2019,90002,2013,Gasoline,Type_N,Yes,190.0,40361.26
2/26/2019,90002,2013,Gasoline,OTHER/UNK,Yes,72.0,36569.48
2/27/2019,90002,2013,Gasoline,Type_X,Yes,19.0,23241.35
2/28/2019,90002,2013,Gasoline,Type_Q,Yes,162.0,19781.08
3/1/2019,90002,2013,Gasoline,Type_R,Yes,21.0,31335.47
3/2/2019,90002,2013,Hybrid Gasoline,OTHER/UNK,Yes,10.0,37340.36
3/3/2019,90002,2013,Hybrid Gasoline,Type_Q,Yes,20.0,40475.85
3/4/2019,90002,2013,Plug-in Hybrid,OTHER/UNK,Yes,1.0,29537.49
3/5/2019,90002,2014,Diesel and Diesel Hybrid,OTHER/UNK,No,10.0,34212.1
3/6/2019,90002,2014,Diesel and Diesel Hybrid,OTHER/UNK,Yes,2.0,20030.28
3/7/2019,90002,2014,Battery Electric,OTHER/UNK,Yes,1.0,29788.68
3/8/2019,90002,2014,Flex-Fuel,Type_A,Yes,31.0,48599.32
3/1/2019,90002,2014,Flex-Fuel,Type_C,Yes,33.0,45846.44
12/2/2018,90002,2014,Flex-Fuel,OTHER/UNK,No,2.0,49117.43
12/3/2018,90002,2014,Flex-Fuel,OTHER/UNK,Yes,15.0,18873.62
12/4/2018,90002,2014,Gasoline,Type_G,Yes,16.0,22960.57
12/5/2018,90002,2014,Gasoline,Type_A,Yes,80.0,30644.2
12/6/2018,90002,2014,Gasoline,Type_I,Yes,11.0,48082.98
12/7/2018,90002,2014,Gasoline,Type_B,Yes,43.0,35096.49
12/8/2018,90002,2014,Gasoline,Type_C,Yes,55.0,20283.28
12/9/2018,90002,2014,Gasoline,Type_J,Yes,136.0,21952.9
12/10/2018,90002,2014,Gasoline,Type_J,Yes,20.0,38261.92
12/11/2018,90002,2014,Gasoline,Type_K,Yes,27.0,36104.79
12/12/2018,90002,2014,Gasoline,Type_L,Yes,82.0,32046.08
12/13/2018,90002,2014,Gasoline,Type_S,Yes,16.0,47310.49
12/14/2018,90002,2014,Gasoline,Type_T,Yes,18.0,35333.55
12/15/2018,90002,2014,Gasoline,Type_M,Yes,19.0,33368.47
12/16/2018,90002,2014,Gasoline,Type_N,Yes,228.0,16816.72
12/17/2018,90002,2014,Gasoline,OTHER/UNK,No,1.0,31407.16
12/18/2018,90002,2014,Gasoline,OTHER/UNK,Yes,56.0,18337.69
12/19/2018,90002,2014,Gasoline,Type_X,Yes,13.0,32379.95
12/20/2018,90002,2014,Gasoline,Type_Q,Yes,202.0,28275.23
12/21/2018,90002,2014,Gasoline,Type_R,Yes,26.0,22174.77
12/22/2018,90002,2014,Hybrid Gasoline,OTHER/UNK,Yes,13.0,27865.55
12/23/2018,90002,2014,Hybrid Gasoline,Type_Q,Yes,17.0,36127.99
12/24/2018,90002,2014,Plug-in Hybrid,OTHER/UNK,Yes,3.0,30055.68
12/25/2018,90002,2015,Diesel and Diesel Hybrid,OTHER/UNK,No,5.0,21521.18
12/26/2018,90002,2015,Diesel and Diesel Hybrid,OTHER/UNK,Yes,3.0,37025.28
12/27/2018,90002,2015,Battery Electric,OTHER/UNK,Yes,4.0,43771.91
12/28/2018,90002,2015,Flex-Fuel,Type_A,Yes,17.0,12937.52
12/29/2018,90002,2015,Flex-Fuel,Type_B,Yes,11.0,28678.95
12/30/2018,90002,2015,Flex-Fuel,Type_C,Yes,13.0,29080.83
12/31/2018,90002,2015,Flex-Fuel,OTHER/UNK,No,2.0,33450.3
1/1/2019,90002,2015,Flex-Fuel,OTHER/UNK,Yes,3.0,26429.09
1/2/2019,90002,2015,Gasoline,Type_G,Yes,14.0,45771.93
1/3/2019,90002,2015,Gasoline,Type_A,Yes,135.0,29698.06
1/4/2019,90002,2015,Gasoline,Type_I,Yes,37.0,19800.25
1/5/2019,90002,2015,Gasoline,Type_B,Yes,51.0,42391.59
1/6/2019,90002,2015,Gasoline,Type_C,Yes,39.0,35483.63
1/7/2019,90002,2015,Gasoline,Type_D,Yes,11.0,39274.36
1/8/2019,90002,2015,Gasoline,Type_J,Yes,152.0,17823.72
1/9/2019,90002,2015,Gasoline,Type_J,Yes,26.0,17612.97
1/10/2019,90002,2015,Gasoline,Type_Y,Yes,15.0,44397.55
1/11/2019,90002,2015,Gasoline,Type_K,Yes,42.0,11414.19
1/12/2019,90002,2015,Gasoline,Type_L,Yes,168.0,39871.81
1/13/2019,90002,2015,Gasoline,Type_S,Yes,26.0,28791.54
1/14/2019,90002,2015,Gasoline,Type_M,Yes,14.0,37891.04
1/15/2019,90002,2015,Gasoline,Type_U,Yes,13.0,19109.08
1/16/2019,90002,2015,Gasoline,Type_N,Yes,318.0,18898.1
1/17/2019,90002,2015,Gasoline,OTHER/UNK,Yes,57.0,17829.78
1/18/2019,90002,2015,Gasoline,Type_X,Yes,13.0,39037.84
1/19/2019,90002,2015,Gasoline,Type_Q,Yes,261.0,49799.91
1/20/2019,90002,2015,Gasoline,Type_R,Yes,13.0,34007.2
1/21/2019,90002,2015,Hybrid Gasoline,Type_L,Yes,14.0,16867.69
1/22/2019,90002,2015,Hybrid Gasoline,OTHER/UNK,Yes,8.0,15763.45
1/23/2019,90002,2015,Hybrid Gasoline,Type_Q,Yes,31.0,14806.09
1/24/2019,90002,2015,Plug-in Hybrid,OTHER/UNK,Yes,2.0,24110.75
1/25/2019,90002,2016,Diesel and Diesel Hybrid,OTHER/UNK,No,10.0,21333.86
1/26/2019,90002,2016,Diesel and Diesel Hybrid,OTHER/UNK,Yes,4.0,45311.57
1/27/2019,90002,2016,Battery Electric,OTHER/UNK,Yes,4.0,34852.11
1/28/2019,90002,2016,Flex-Fuel,Type_A,Yes,20.0,19409.01
1/29/2019,90002,2016,Flex-Fuel,Type_B,Yes,14.0,44021.4
1/30/2019,90002,2016,Flex-Fuel,Type_C,Yes,22.0,17263.73
1/31/2019,90002,2016,Flex-Fuel,OTHER/UNK,Yes,6.0,24120.73
2/1/2019,90002,2016,Gasoline,Type_G,Yes,11.0,41815.07
2/2/2019,90002,2016,Gasoline,Type_A,Yes,102.0,36042.36
2/3/2019,90002,2016,Gasoline,Type_I,Yes,20.0,10909.95
2/4/2019,90002,2016,Gasoline,Type_B,Yes,58.0,30198.28
2/5/2019,90002,2016,Gasoline,Type_C,Yes,63.0,33091.47
2/6/2019,90002,2016,Gasoline,Type_D,Yes,12.0,33456.7
2/7/2019,90002,2016,Gasoline,Type_J,Yes,193.0,48823.33
2/8/2019,90002,2016,Gasoline,Type_J,Yes,38.0,28810.76
2/9/2019,90002,2016,Gasoline,Type_K,Yes,35.0,30931.0
2/10/2019,90002,2016,Gasoline,Type_L,Yes,241.0,19559.65
2/11/2019,90002,2016,Gasoline,Type_S,Yes,11.0,18948.63
2/12/2019,90002,2016,Gasoline,Type_T,Yes,16.0,32939.78
2/13/2019,90002,2016,Gasoline,Type_M,Yes,11.0,41426.98
2/14/2019,90002,2016,Gasoline,Type_N,Yes,283.0,44352.52
2/15/2019,90002,2016,Gasoline,OTHER/UNK,Yes,36.0,44583.05
2/16/2019,90002,2016,Gasoline,Type_O,Yes,15.0,41468.21
2/17/2019,90002,2016,Gasoline,Type_X,Yes,22.0,21008.63
2/18/2019,90002,2016,Gasoline,Type_Q,Yes,218.0,29076.72
2/19/2019,90002,2016,Gasoline,Type_R,Yes,21.0,17907.22
2/20/2019,90002,2016,Hybrid Gasoline,OTHER/UNK,Yes,20.0,27551.83
2/21/2019,90002,2016,Plug-in Hybrid,OTHER/UNK,Yes,2.0,21838.51
2/22/2019,90002,2017,Diesel and Diesel Hybrid,OTHER/UNK,No,7.0,35386.11
2/23/2019,90002,2017,Diesel and Diesel Hybrid,OTHER/UNK,Yes,6.0,28837.78
2/24/2019,90002,2017,Battery Electric,OTHER/UNK,Yes,4.0,12848.87
2/25/2019,90002,2017,Flex-Fuel,Type_A,Yes,16.0,39971.41
2/26/2019,90002,2017,Flex-Fuel,OTHER/UNK,Yes,19.0,45781.55
2/27/2019,90002,2017,Gasoline,Type_G,Yes,12.0,30601.39
2/28/2019,90002,2017,Gasoline,Type_A,Yes,128.0,49404.46
3/1/2019,90002,2017,Gasoline,Type_B,Yes,38.0,43491.78
3/2/2019,90002,2017,Gasoline,Type_C,Yes,62.0,44103.38
3/3/2019,90002,2017,Gasoline,Type_D,Yes,14.0,12452.96
3/4/2019,90002,2017,Gasoline,Type_J,Yes,270.0,45838.05
3/5/2019,90002,2017,Gasoline,Type_J,Yes,35.0,37666.47
3/6/2019,90002,2017,Gasoline,Type_Y,Yes,11.0,46986.25
3/7/2019,90002,2017,Gasoline,Type_K,Yes,35.0,37575.71
3/8/2019,90002,2017,Gasoline,Type_L,Yes,146.0,34178.84
12/2/2018,90002,2017,Gasoline,Type_S,Yes,12.0,36831.57
12/3/2018,90002,2017,Gasoline,Type_M,Yes,11.0,28656.83
12/4/2018,90002,2017,Gasoline,Type_N,Yes,271.0,14685.0
12/5/2018,90002,2017,Gasoline,OTHER/UNK,No,1.0,15657.7
12/6/2018,90002,2017,Gasoline,OTHER/UNK,Yes,32.0,14076.14
12/7/2018,90002,2017,Gasoline,Type_O,Yes,23.0,36029.2
12/8/2018,90002,2017,Gasoline,Type_P,Yes,13.0,24155.89
12/9/2018,90002,2017,Gasoline,Type_Q,Yes,256.0,24048.83
12/10/2018,90002,2017,Gasoline,Type_R,Yes,14.0,22406.47
12/11/2018,90002,2017,Hybrid Gasoline,Type_L,Yes,13.0,16117.7
12/12/2018,90002,2017,Hybrid Gasoline,OTHER/UNK,Yes,10.0,36449.51
12/13/2018,90002,2017,Hybrid Gasoline,Type_Q,Yes,13.0,15914.18
12/14/2018,90002,2017,Plug-in Hybrid,OTHER/UNK,Yes,11.0,18404.46
12/15/2018,90002,2018,Diesel and Diesel Hybrid,OTHER/UNK,No,2.0,13812.38
12/16/2018,90002,2018,Diesel and Diesel Hybrid,OTHER/UNK,Yes,6.0,25843.81
12/17/2018,90002,2018,Battery Electric,OTHER/UNK,Yes,4.0,12023.35
12/18/2018,90002,2018,Flex-Fuel,OTHER/UNK,Yes,12.0,23357.75
12/19/2018,90002,2018,Gasoline,Type_A,Yes,104.0,36021.17
12/20/2018,90002,2018,Gasoline,Type_B,Yes,54.0,42493.68
12/21/2018,90002,2018,Gasoline,Type_C,Yes,33.0,33092.05
12/22/2018,90002,2018,Gasoline,Type_J,Yes,175.0,22538.15
12/23/2018,90002,2018,Gasoline,Type_J,Yes,27.0,36132.43
12/24/2018,90002,2018,Gasoline,Type_K,Yes,40.0,33838.92
12/25/2018,90002,2018,Gasoline,Type_L,Yes,141.0,21518.8
12/26/2018,90002,2018,Gasoline,Type_S,Yes,15.0,39830.08
12/27/2018,90002,2018,Gasoline,Type_M,Yes,12.0,48615.85
12/28/2018,90002,2018,Gasoline,Type_N,Yes,143.0,37067.6
12/29/2018,90002,2018,Gasoline,OTHER/UNK,Yes,72.0,48987.61
12/30/2018,90002,2018,Gasoline,Type_Q,Yes,266.0,40099.31
12/31/2018,90002,2018,Hybrid Gasoline,OTHER/UNK,Yes,8.0,43135.62
1/1/2019,90002,2018,Hybrid Gasoline,Type_Q,Yes,17.0,43826.26
1/2/2019,90002,2018,Plug-in Hybrid,OTHER/UNK,Yes,4.0,25583.41
1/3/2019,90002,2019,Gasoline,OTHER/UNK,Yes,32.0,14140.3
1/4/2019,90002,<2006,Diesel and Diesel Hybrid,Type_A,No,11.0,45539.41
1/5/2019,90002,<2006,Diesel and Diesel Hybrid,Type_C,No,32.0,13541.01
1/6/2019,90002,<2006,Diesel and Diesel Hybrid,Type_C,Yes,27.0,27093.41
1/7/2019,90002,<2006,Diesel and Diesel Hybrid,Type_MM,No,32.0,24237.82
1/8/2019,90002,<2006,Diesel and Diesel Hybrid,Type_D,No,18.0,10087.75
1/9/2019,90002,<2006,Diesel and Diesel Hybrid,Type_NN,No,20.0,41621.87
1/10/2019,90002,<2006,Diesel and Diesel Hybrid,Type_DD,No,25.0,46852.59
1/11/2019,90002,<2006,Diesel and Diesel Hybrid,OTHER/UNK,No,51.0,41816.24
1/12/2019,90002,<2006,Diesel and Diesel Hybrid,OTHER/UNK,Yes,41.0,39263.04
1/13/2019,90002,<2006,Flex-Fuel,Type_A,Yes,81.0,20788.45
1/14/2019,90002,<2006,Flex-Fuel,Type_I,Yes,25.0,19486.97
1/15/2019,90002,<2006,Flex-Fuel,Type_B,Yes,91.0,10739.68
1/16/2019,90002,<2006,Flex-Fuel,Type_C,Yes,123.0,35662.05
1/17/2019,90002,<2006,Flex-Fuel,Type_D,Yes,22.0,40566.56
1/18/2019,90002,<2006,Flex-Fuel,Type_M,Yes,12.0,48225.31
1/19/2019,90002,<2006,Flex-Fuel,OTHER/UNK,Yes,7.0,22870.74
1/20/2019,90002,<2006,Gasoline,Type_F,Yes,201.0,16191.88
1/21/2019,90002,<2006,Gasoline,Type_Z,Yes,28.0,12283.25
1/22/2019,90002,<2006,Gasoline,Type_G,Yes,195.0,34735.78
1/23/2019,90002,<2006,Gasoline,Type_AA,Yes,114.0,45009.99
1/24/2019,90002,<2006,Gasoline,Type_H,Yes,195.0,26206.53
1/25/2019,90002,<2006,Gasoline,Type_A,No,29.0,15850.29
1/26/2019,90002,<2006,Gasoline,Type_A,Yes,2186.0,11716.73
1/27/2019,90002,<2006,Gasoline,Type_I,Yes,174.0,46361.31
1/28/2019,90002,<2006,Gasoline,Type_B,No,12.0,29046.45
1/29/2019,90002,<2006,Gasoline,Type_B,Yes,507.0,22757.91
1/30/2019,90002,<2006,Gasoline,Type_C,No,60.0,24396.77
1/31/2019,90002,<2006,Gasoline,Type_C,Yes,1864.0,12746.32
2/1/2019,90002,<2006,Gasoline,Type_BB,Yes,17.0,18149.24
2/2/2019,90002,<2006,Gasoline,Type_D,No,23.0,42978.64
2/3/2019,90002,<2006,Gasoline,Type_D,Yes,571.0,38117.83
2/4/2019,90002,<2006,Gasoline,Type_J,Yes,1793.0,38816.69
2/5/2019,90002,<2006,Gasoline,Type_CC,Yes,21.0,33002.74
2/6/2019,90002,<2006,Gasoline,Type_J,Yes,85.0,31058.61
2/7/2019,90002,<2006,Gasoline,Type_Y,Yes,208.0,21789.65
2/8/2019,90002,<2006,Gasoline,Type_DD,Yes,53.0,32187.89
2/9/2019,90002,<2006,Gasoline,Type_EE,Yes,30.0,26865.28
2/10/2019,90002,<2006,Gasoline,Type_K,Yes,224.0,37502.43
2/11/2019,90002,<2006,Gasoline,Type_L,Yes,92.0,30658.44
2/12/2019,90002,<2006,Gasoline,Type_FF,Yes,22.0,47066.5
2/13/2019,90002,<2006,Gasoline,Type_S,Yes,197.0,47163.97
2/14/2019,90002,<2006,Gasoline,Type_GG,Yes,163.0,45354.7
2/15/2019,90002,<2006,Gasoline,Type_T,Yes,134.0,19202.63
2/16/2019,90002,<2006,Gasoline,Type_M,Yes,182.0,17860.68
2/17/2019,90002,<2006,Gasoline,Type_HH,Yes,82.0,41159.92
2/18/2019,90002,<2006,Gasoline,Type_II,Yes,11.0,42211.53
2/19/2019,90002,<2006,Gasoline,Type_U,Yes,162.0,23211.01
2/20/2019,90002,<2006,Gasoline,Type_N,Yes,1240.0,24785.57
2/21/2019,90002,<2006,Gasoline,Type_JJ,Yes,49.0,26704.08
2/22/2019,90002,<2006,Gasoline,OTHER/UNK,No,26.0,15193.69
2/23/2019,90002,<2006,Gasoline,OTHER/UNK,Yes,107.0,44564.77
2/24/2019,90002,<2006,Gasoline,Type_E,Yes,22.0,41537.52
2/25/2019,90002,<2006,Gasoline,Type_V,Yes,121.0,22150.99
2/26/2019,90002,<2006,Gasoline,Type_W,Yes,81.0,10555.17
2/27/2019,90002,<2006,Gasoline,Type_X,Yes,58.0,20605.85
2/28/2019,90002,<2006,Gasoline,Type_P,Yes,24.0,39747.85
3/1/2019,90002,<2006,Gasoline,Type_KK,Yes,17.0,14214.54
3/2/2019,90002,<2006,Gasoline,Type_Q,Yes,2950.0,42031.92
3/3/2019,90002,<2006,Gasoline,Type_R,Yes,171.0,35120.28
3/4/2019,90002,<2006,Gasoline,Type_LL,Yes,47.0,25700.53
3/5/2019,90002,<2006,Hybrid Gasoline,Type_J,Yes,15.0,49843.6
3/6/2019,90002,<2006,Hybrid Gasoline,Type_Q,Yes,16.0,33289.79
3/7/2019,90002,<2006,Natural Gas,OTHER/UNK,Yes,5.0,48247.13
3/8/2019,90002,<2006,Other,OTHER/UNK,Yes,11.0,23027.03
3/9/2019,90003,2006,Diesel and Diesel Hybrid,OTHER/UNK,No,22.0,33316.05
3/10/2019,90003,2006,Diesel and Diesel Hybrid,OTHER/UNK,Yes,14.0,39729.26
3/11/2019,90003,2006,Flex-Fuel,Type_A,Yes,55.0,49362.86
3/12/2019,90003,2006,Flex-Fuel,OTHER/UNK,Yes,20.0,16366.26
3/13/2019,90003,2006,Gasoline,Type_F,Yes,36.0,10326.33
3/14/2019,90003,2006,Gasoline,Type_G,Yes,89.0,35770.61
3/15/2019,90003,2006,Gasoline,Type_AA,Yes,11.0,29889.33
3/16/2019,90003,2006,Gasoline,Type_H,Yes,18.0,26747.28
3/17/2019,90003,2006,Gasoline,Type_A,Yes,162.0,36733.28
3/18/2019,90003,2006,Gasoline,Type_I,Yes,112.0,24536.58
3/19/2019,90003,2006,Gasoline,Type_B,Yes,79.0,32248.77
3/20/2019,90003,2006,Gasoline,Type_C,Yes,186.0,32698.45
3/21/2019,90003,2006,Gasoline,Type_D,Yes,19.0,28378.03
3/22/2019,90003,2006,Gasoline,Type_J,Yes,209.0,17456.06
3/23/2019,90003,2006,Gasoline,Type_J,Yes,26.0,20153.53
3/24/2019,90003,2006,Gasoline,Type_Y,Yes,56.0,24430.56
3/25/2019,90003,2006,Gasoline,Type_K,Yes,40.0,23371.44
3/26/2019,90003,2006,Gasoline,Type_L,Yes,29.0,10572.11
3/27/2019,90003,2006,Gasoline,Type_S,Yes,31.0,15978.05
3/28/2019,90003,2006,Gasoline,Type_GG,Yes,11.0,32752.63
3/29/2019,90003,2006,Gasoline,Type_T,Yes,20.0,21845.82
3/30/2019,90003,2006,Gasoline,Type_M,Yes,42.0,41367.99
3/31/2019,90003,2006,Gasoline,Type_II,Yes,11.0,48526.61
4/1/2019,90003,2006,Gasoline,Type_U,Yes,13.0,43759.44
4/2/2019,90003,2006,Gasoline,Type_N,Yes,277.0,12979.19
4/3/2019,90003,2006,Gasoline,OTHER/UNK,No,2.0,14327.93
4/4/2019,90003,2006,Gasoline,OTHER/UNK,Yes,57.0,15428.01
4/5/2019,90003,2006,Gasoline,Type_V,Yes,24.0,17316.2
4/6/2019,90003,2006,Gasoline,Type_X,Yes,96.0,27802.91
4/7/2019,90003,2006,Gasoline,Type_Q,Yes,365.0,30008.08
4/8/2019,90003,2006,Gasoline,Type_R,Yes,29.0,48253.39
4/9/2019,90003,2006,Hybrid Gasoline,Type_J,Yes,15.0,34409.46
4/10/2019,90003,2006,Hybrid Gasoline,OTHER/UNK,Yes,2.0,17066.19
4/11/2019,90003,2006,Hybrid Gasoline,Type_Q,Yes,17.0,20219.63
4/12/2019,90003,2007,Diesel and Diesel Hybrid,OTHER/UNK,No,13.0,49464.36
4/13/2019,90003,2007,Diesel and Diesel Hybrid,OTHER/UNK,Yes,3.0,45240.82
4/14/2019,90003,2007,Flex-Fuel,Type_A,Yes,86.0,31934.29
4/15/2019,90003,2007,Flex-Fuel,OTHER/UNK,Yes,27.0,23909.93
4/16/2019,90003,2007,Gasoline,Type_F,Yes,18.0,47620.52
4/17/2019,90003,2007,Gasoline,Type_Z,Yes,11.0,29620.14
4/18/2019,90003,2007,Gasoline,Type_G,Yes,60.0,16811.99
4/19/2019,90003,2007,Gasoline,Type_H,Yes,32.0,12182.3
4/20/2019,90003,2007,Gasoline,Type_A,Yes,208.0,35518.47
4/21/2019,90003,2007,Gasoline,Type_I,Yes,86.0,44935.69
4/22/2019,90003,2007,Gasoline,Type_B,Yes,101.0,39828.2
4/23/2019,90003,2007,Gasoline,Type_C,Yes,136.0,45865.57
4/24/2019,90003,2007,Gasoline,Type_D,Yes,53.0,31601.91
4/25/2019,90003,2007,Gasoline,Type_J,Yes,241.0,48713.0
4/26/2019,90003,2007,Gasoline,Type_J,Yes,17.0,26716.61
4/27/2019,90003,2007,Gasoline,Type_Y,Yes,35.0,30358.68
4/28/2019,90003,2007,Gasoline,Type_K,Yes,26.0,22384.89
4/29/2019,90003,2007,Gasoline,Type_L,Yes,26.0,43841.94
4/30/2019,90003,2007,Gasoline,Type_S,Yes,49.0,28812.58
5/1/2019,90003,2007,Gasoline,Type_GG,Yes,13.0,45225.3
5/2/2019,90003,2007,Gasoline,Type_T,Yes,32.0,14745.86
5/3/2019,90003,2007,Gasoline,Type_M,Yes,19.0,36497.72
5/4/2019,90003,2007,Gasoline,Type_U,Yes,12.0,41310.72
5/5/2019,90003,2007,Gasoline,Type_N,Yes,216.0,21734.0
5/6/2019,90003,2007,Gasoline,OTHER/UNK,No,8.0,25533.32
5/7/2019,90003,2007,Gasoline,OTHER/UNK,Yes,37.0,15656.76
5/8/2019,90003,2007,Gasoline,Type_V,Yes,20.0,35029.46
5/9/2019,90003,2007,Gasoline,Type_W,Yes,25.0,14712.25
5/10/2019,90003,2007,Gasoline,Type_X,Yes,43.0,15057.85
5/11/2019,90003,2007,Gasoline,Type_Q,Yes,444.0,39544.89
5/12/2019,90003,2007,Gasoline,Type_R,Yes,19.0,33915.3
5/13/2019,90003,2007,Hybrid Gasoline,Type_J,Yes,13.0,19216.28
5/14/2019,90003,2007,Hybrid Gasoline,OTHER/UNK,Yes,10.0,33758.57
5/15/2019,90003,2007,Hybrid Gasoline,Type_Q,Yes,37.0,30351.34
5/16/2019,90003,2008,Diesel and Diesel Hybrid,Type_MM,No,17.0,47077.41
5/17/2019,90003,2008,Diesel and Diesel Hybrid,OTHER/UNK,No,22.0,25798.43
5/18/2019,90003,2008,Diesel and Diesel Hybrid,OTHER/UNK,Yes,9.0,22204.34
5/19/2019,90003,2008,Flex-Fuel,Type_A,Yes,45.0,29097.52
5/20/2019,90003,2008,Flex-Fuel,Type_I,Yes,11.0,35973.86
5/21/2019,90003,2008,Flex-Fuel,OTHER/UNK,Yes,8.0,40325.87
5/22/2019,90003,2008,Gasoline,Type_F,Yes,11.0,22550.48
5/23/2019,90003,2008,Gasoline,Type_Z,Yes,13.0,14594.76
5/24/2019,90003,2008,Gasoline,Type_G,Yes,52.0,15235.37
5/25/2019,90003,2008,Gasoline,Type_H,Yes,30.0,33958.07
5/26/2019,90003,2008,Gasoline,Type_A,Yes,93.0,31571.99
5/27/2019,90003,2008,Gasoline,Type_I,Yes,37.0,41691.33
5/28/2019,90003,2008,Gasoline,Type_B,Yes,85.0,24347.48
5/29/2019,90003,2008,Gasoline,Type_C,Yes,94.0,11516.86
5/30/2019,90003,2008,Gasoline,Type_D,Yes,15.0,28205.71
5/31/2019,90003,2008,Gasoline,Type_J,Yes,195.0,23579.72
6/1/2019,90003,2008,Gasoline,Type_J,Yes,15.0,17350.92
6/2/2019,90003,2008,Gasoline,Type_Y,Yes,45.0,47240.86
6/3/2019,90003,2008,Gasoline,Type_K,Yes,31.0,15838.52
6/4/2019,90003,2008,Gasoline,Type_L,Yes,24.0,30484.73
6/5/2019,90003,2008,Gasoline,Type_S,Yes,29.0,30889.57
6/6/2019,90003,2008,Gasoline,Type_T,Yes,20.0,11355.06
6/7/2019,90003,2008,Gasoline,Type_M,Yes,35.0,11731.94
6/8/2019,90003,2008,Gasoline,Type_N,Yes,179.0,49497.27
6/9/2019,90003,2008,Gasoline,OTHER/UNK,No,1.0,28048.84
6/10/2019,90003,2008,Gasoline,OTHER/UNK,Yes,53.0,43987.28
6/11/2019,90003,2008,Gasoline,Type_V,Yes,12.0,21626.38
6/12/2019,90003,2008,Gasoline,Type_W,Yes,17.0,28358.37
6/13/2019,90003,2008,Gasoline,Type_X,Yes,60.0,28371.87
6/14/2019,90003,2008,Gasoline,Type_Q,Yes,241.0,41917.08
6/15/2019,90003,2008,Gasoline,Type_R,Yes,28.0,46238.24
6/16/2019,90003,2008,Hybrid Gasoline,OTHER/UNK,Yes,22.0,28038.11
6/17/2019,90003,2008,Hybrid Gasoline,Type_Q,Yes,33.0,31320.84
6/18/2019,90003,2008,Natural Gas,OTHER/UNK,Yes,1.0,48765.63
6/19/2019,90003,2009,Diesel and Diesel Hybrid,Type_MM,No,33.0,18977.57
6/20/2019,90003,2009,Diesel and Diesel Hybrid,OTHER/UNK,No,23.0,16815.87
6/21/2019,90003,2009,Diesel and Diesel Hybrid,OTHER/UNK,Yes,1.0,16174.35
6/22/2019,90003,2009,Flex-Fuel,Type_A,Yes,22.0,15574.77
6/23/2019,90003,2009,Flex-Fuel,Type_C,Yes,15.0,38109.8
6/24/2019,90003,2009,Flex-Fuel,OTHER/UNK,No,1.0,27421.8
6/25/2019,90003,2009,Flex-Fuel,OTHER/UNK,Yes,14.0,17708.89
6/26/2019,90003,2009,Gasoline,Type_F,Yes,12.0,29407.3
6/27/2019,90003,2009,Gasoline,Type_G,Yes,27.0,40697.9
6/28/2019,90003,2009,Gasoline,Type_A,Yes,61.0,31143.12
6/29/2019,90003,2009,Gasoline,Type_B,Yes,29.0,11849.91
6/30/2019,90003,2009,Gasoline,Type_C,Yes,48.0,19840.52
7/1/2019,90003,2009,Gasoline,Type_J,Yes,141.0,11523.32
7/2/2019,90003,2009,Gasoline,Type_J,Yes,11.0,14896.78
7/3/2019,90003,2009,Gasoline,Type_Y,Yes,20.0,20873.86
7/4/2019,90003,2009,Gasoline,Type_L,Yes,27.0,29596.9
3/8/2019,90003,2009,Gasoline,Type_S,Yes,13.0,12210.21
3/9/2019,90003,2009,Gasoline,Type_T,Yes,12.0,34216.28
3/10/2019,90003,2009,Gasoline,Type_M,Yes,18.0,46520.43
3/11/2019,90003,2009,Gasoline,Type_N,Yes,125.0,49487.76
3/12/2019,90003,2009,Gasoline,OTHER/UNK,Yes,65.0,14232.53
3/13/2019,90003,2009,Gasoline,Type_X,Yes,25.0,10993.8
3/14/2019,90003,2009,Gasoline,Type_Q,Yes,235.0,16623.96
3/15/2019,90003,2009,Gasoline,Type_R,Yes,17.0,43441.86
3/16/2019,90003,2009,Hybrid Gasoline,OTHER/UNK,Yes,13.0,23065.19
3/17/2019,90003,2009,Hybrid Gasoline,Type_Q,Yes,12.0,29221.3
3/18/2019,90003,2009,Natural Gas,OTHER/UNK,No,4.0,35838.21
3/19/2019,90003,2009,Natural Gas,OTHER/UNK,Yes,1.0,28281.52
3/20/2019,90003,2010,Diesel and Diesel Hybrid,Type_MM,No,14.0,21151.27
3/21/2019,90003,2010,Diesel and Diesel Hybrid,OTHER/UNK,No,20.0,11974.94
3/22/2019,90003,2010,Diesel and Diesel Hybrid,OTHER/UNK,Yes,2.0,26690.96
3/23/2019,90003,2010,Flex-Fuel,Type_A,Yes,24.0,17164.73
3/24/2019,90003,2010,Flex-Fuel,Type_C,Yes,17.0,34364.22
3/25/2019,90003,2010,Flex-Fuel,OTHER/UNK,No,1.0,38058.38
3/26/2019,90003,2010,Flex-Fuel,OTHER/UNK,Yes,19.0,18263.5
3/27/2019,90003,2010,Gasoline,Type_F,Yes,15.0,13376.25
3/28/2019,90003,2010,Gasoline,Type_G,Yes,11.0,47072.52
3/29/2019,90003,2010,Gasoline,Type_A,Yes,64.0,28255.89
3/30/2019,90003,2010,Gasoline,Type_I,Yes,16.0,17410.79
3/31/2019,90003,2010,Gasoline,Type_B,Yes,59.0,40999.32
4/1/2019,90003,2010,Gasoline,Type_C,Yes,48.0,40804.26
4/2/2019,90003,2010,Gasoline,Type_J,Yes,124.0,49281.86
4/3/2019,90003,2010,Gasoline,Type_J,Yes,21.0,26131.29
4/4/2019,90003,2010,Gasoline,Type_Y,Yes,14.0,47606.99
4/5/2019,90003,2010,Gasoline,Type_L,Yes,21.0,23350.04
4/6/2019,90003,2010,Gasoline,Type_S,Yes,17.0,10495.47
4/7/2019,90003,2010,Gasoline,Type_T,Yes,27.0,23370.31
4/8/2019,90003,2010,Gasoline,Type_M,Yes,25.0,48664.76
4/9/2019,90003,2010,Gasoline,Type_N,Yes,105.0,20203.87
4/10/2019,90003,2010,Gasoline,OTHER/UNK,Yes,59.0,43543.22
4/11/2019,90003,2010,Gasoline,Type_X,Yes,23.0,15041.24
4/12/2019,90003,2010,Gasoline,Type_Q,Yes,205.0,21845.08
4/13/2019,90003,2010,Gasoline,Type_R,Yes,12.0,13343.62
4/14/2019,90003,2010,Hybrid Gasoline,OTHER/UNK,Yes,18.0,12188.38
4/15/2019,90003,2010,Hybrid Gasoline,Type_Q,Yes,21.0,26881.36
4/16/2019,90003,2010,Natural Gas,OTHER/UNK,Yes,1.0,42712.41
4/17/2019,90003,2011,Diesel and Diesel Hybrid,Type_MM,No,11.0,46943.32
4/18/2019,90003,2011,Diesel and Diesel Hybrid,OTHER/UNK,No,23.0,20070.85
4/19/2019,90003,2011,Diesel and Diesel Hybrid,OTHER/UNK,Yes,2.0,32346.93
4/20/2019,90003,2011,Flex-Fuel,Type_A,Yes,62.0,26812.76
4/21/2019,na,2011,Flex-Fuel,Type_C,Yes,19.0,29654.81
4/22/2019,90003,2011,Flex-Fuel,OTHER/UNK,Yes,18.0,29571.18
4/23/2019,90003,2011,Gasoline,Type_G,--,25.0,30146.41
4/24/2019,90003,2011,Gasoline,Type_A,Yes,48.0,42323.37
4/25/2019,90003,2011,Gasoline,Type_B,Yes,32.0,18635.88
4/26/2019,90003,2011,,Type_C,Yes,48.0,33764.73
4/27/2019,90003,2011,Gasoline,Type_J,Yes,95.0,45699.85
4/28/2019,90003,2011,Gasoline,Type_J,Yes,24.0,19332.56
4/29/2019,90003,2011,Gasoline,Type_Y,Yes,18.0,26676.03
4/30/2019,90003,2011,Gasoline,Type_K,Yes,12.0,38818.18
5/1/2019,90003,2011,Gasoline,Type_L,Yes,42.0,29937.21
5/2/2019,90003,2011,Gasoline,Type_S,Yes,14.0,15648.36
5/3/2019,90003,2011,Gasoline,Type_M,Yes,16.0,34094.0
5/4/2019,90003,2011,Gasoline,Type_N,Yes,147.0,43246.35
5/5/2019,90003,2011,Gasoline,OTHER/UNK,No,1.0,16724.24
5/6/2019,90003,2011,Gasoline,OTHER/UNK,Yes,71.0,31688.9
5/7/2019,90003,2011,Gasoline,Type_X,Yes,18.0,13720.69
5/8/2019,90003,2011,Gasoline,Type_Q,Yes,226.0,45540.67
5/9/2019,90003,2011,Gasoline,Type_R,Yes,14.0,23386.42
5/10/2019,90003,2011,Hybrid Gasoline,OTHER/UNK,Yes,9.0,26115.31
5/11/2019,90003,2011,Hybrid Gasoline,Type_Q,Yes,18.0,17121.3
5/12/2019,90003,2011,Plug-in Hybrid,OTHER/UNK,Yes,1.0,14447.36
5/13/2019,90003,2012,Diesel and Diesel Hybrid,Type_MM,No,20.0,46919.44
5/14/2019,90003,2012,Diesel and Diesel Hybrid,OTHER/UNK,No,18.0,14980.35
5/15/2019,90003,2012,Diesel and Diesel Hybrid,OTHER/UNK,Yes,2.0,11795.18
5/16/2019,90003,2012,Diesel and Diesel Hybrid,Type_OO,No,12.0,33645.61
5/17/2019,90003,2012,Battery Electric,OTHER/UNK,Yes,3.0,31982.15
5/18/2019,90003,2012,Flex-Fuel,Type_A,Yes,43.0,27513.88
5/19/2019,90003,2012,Flex-Fuel,Type_C,Yes,14.0,15915.33
5/20/2019,90003,2012,Flex-Fuel,OTHER/UNK,No,2.0,11913.68
5/21/2019,90003,2012,Flex-Fuel,OTHER/UNK,Yes,25.0,30808.06
5/22/2019,90003,2012,Gasoline,Type_G,Yes,15.0,42692.95
5/23/2019,90003,2012,Gasoline,Type_AA,Yes,12.0,10824.78
5/24/2019,90003,2012,Gasoline,Type_A,Yes,75.0,25432.93
5/25/2019,90003,2012,Gasoline,Type_I,Yes,17.0,36377.55
5/26/2019,90003,2012,Gasoline,Type_B,Yes,38.0,10406.42
5/27/2019,90003,2012,Gasoline,Type_C,Yes,59.0,45314.94
5/28/2019,90003,2012,Gasoline,Type_J,Yes,181.0,17270.63
5/29/2019,90003,2012,Gasoline,Type_J,Yes,37.0,34001.55
5/30/2019,90003,2012,Gasoline,Type_Y,Yes,13.0,37065.12
5/31/2019,90003,2012,Gasoline,Type_K,Yes,27.0,21174.8
6/1/2019,90003,2012,Gasoline,Type_L,Yes,70.0,44370.23
6/2/2019,90003,2012,Gasoline,Type_M,Yes,19.0,24843.32
6/3/2019,90003,2012,Gasoline,Type_N,Yes,208.0,38109.85
6/4/2019,90003,2012,Gasoline,OTHER/UNK,Yes,66.0,49962.76
6/5/2019,90003,2012,Gasoline,Type_X,Yes,31.0,20729.52
6/6/2019,90003,2012,Gasoline,Type_Q,Yes,206.0,17311.15
6/7/2019,90003,2012,Gasoline,Type_R,Yes,26.0,29740.3
6/8/2019,90003,2012,Hybrid Gasoline,OTHER/UNK,Yes,4.0,23112.45
6/9/2019,90003,2012,Hybrid Gasoline,Type_Q,Yes,25.0,36798.42
6/10/2019,90003,2012,Natural Gas,OTHER/UNK,Yes,1.0,32470.59
6/11/2019,90003,2012,Plug-in Hybrid,OTHER/UNK,Yes,3.0,15652.22
